find,replace,bucket
phone buzzed,phone vibrated,personal
personal,,personal
delve,,ai
a tapestry of,,ai
in order to,to,wordy
due to the fact that,because,wordy
at this point in time,now,wordy
basic fundamentals,fundamentals,wordy
end result,result,wordy
utilize,use,wordy
utilized,used,wordy
commence,begin,wordy
commenced,began,wordy
tapestry,,ai
mosaic,,ai
glean,,ai
shed light,,ai
shed light on,,ai
delve into,,ai
meticulous,,ai
meticulously,,ai
methodical,,ai
methodically,,ai
practiced efficiency,,ai
valuable insight,,ai
indelible mark,,ai
crucial role,,ai
significant role,,ai
unwavering commitment,,ai
stark reminder,,ai
relentless pursuit,,ai
nuanced understanding,,ai
complex interplay,,ai
a testament to,,ai
testament to,,ai
groundbreaking,,ai
enlightening,,ai
esteemed,,ai
invaluable,,ai
embarked,,ai
leverage,,ai
furthermore,,ai
moreover,,ai
adept,,ai
unveiled,,ai
navigating,,ai
poignant,,ai
curated,,ai
resonated,,ai
paramount,,ai
streamlines,,ai
facilitates,,ai
facilitate,,ai
endeavor,,ai
crucial,,ai
certainly,,ai
precisely,,ai
he watched,,filter
she watched,,filter
he noticed,,filter
she noticed,,filter
he saw,,filter
she saw,,filter
he heard,,filter
she heard,,filter
